{"accuracy":0.705,"f1_score":0.7330142189479002,"_wandb":{"runtime":9},"_runtime":9,"precision":0.8019558299416195,"recall":0.705,"_timestamp":1.7668481548957632e+09,"_step":0}