{"accuracy":0.7096,"f1_score":0.7360875304657137,"precision":0.8015963925109141,"recall":0.7096,"_timestamp":1.7668487850645359e+09,"_wandb":{"runtime":10},"_runtime":10,"_step":0}