{
  "selection_metric": "f1_score",
  "best_score": 0.7360875304657137,
  "metrics": {
    "accuracy": 0.7096,
    "f1_score": 0.7360875304657137,
    "precision": 0.8015963925109141,
    "recall": 0.7096
  },
  "timestamp": "2025-12-27T15:16:56.454873"
}