{"precision":0.8015963925109141,"recall":0.7096,"_timestamp":1.766848607533578e+09,"_step":0,"accuracy":0.7096,"f1_score":0.7360875304657137,"_wandb":{"runtime":9},"_runtime":9}